LAD,Local Authority,2011,2016,2021,2026,2031,2036,2041,2046,2051,2056,2061,2066,2071,2076,2081
E06000005,Darlington,52390,55373,56631,57472,58182,59066,59952,61013,61897,61507,61228,61197,61417,61570,61724
E06000001,Hartlepool,34278,36074,36972,37520,37981,38559,39137,39830,40408,40153,39971,39951,40094,40195,40295
E06000002,Middlesbrough,63096,66825,68392,69407,70260,71331,72401,73682,74752,74281,73944,73906,74172,74358,74544
E06000003,Redcar and Cleveland,46093,48480,49551,50288,50908,51682,52457,53385,54160,53818,53575,53547,53740,53874,54009
E06000004,Stockton-on-Tees,86836,91621,93884,95279,96450,97915,99384,101145,102612,101965,101503,101451,101816,102071,102326
E06000047,County Durham,197763,210150,212938,216103,218757,222090,225414,229412,232740,231272,230225,230107,230934,231512,232091
E06000057,Northumberland,124243,130911,133320,135297,136966,139048,141133,143634,145715,144796,144140,144067,144584,144946,145309
E08000037,Gateshead,91991,97898,99375,100847,102094,103646,105197,107061,108615,107930,107441,107386,107772,108042,108312
E08000021,Newcastle upon Tyne,170689,182545,184691,187430,189738,192629,195515,198976,201859,200586,199677,199575,200293,200794,201296
E08000022,North Tyneside,84644,89956,91223,92574,93714,95143,96568,98277,99702,99073,98625,98574,98928,99176,99424
E08000023,South Tyneside,50505,53957,54862,55673,56359,57217,58075,59103,59960,59582,59312,59282,59495,59644,59793
E08000024,Sunderland,126360,134719,136502,138525,140233,142366,144500,147061,149191,148250,147579,147503,148033,148404,148775
E06000008,Blackburn with Darwen,66451,68204,68648,69667,70525,71599,72671,73959,75028,74555,74217,74179,74446,74632,74819
E06000009,Blackpool,65218,67173,67667,68671,69515,70575,71629,72900,73956,73490,73157,73119,73382,73566,73750
E06000006,Halton,59171,61127,61971,62894,63666,64635,65602,66765,67734,67307,67002,66968,67208,67377,67545
E06000007,Warrington,118524,125176,128027,129928,131527,133528,135527,137927,139925,139042,138413,138342,138839,139187,139535
E06000050,Cheshire West and Chester,163097,172019,175246,177845,180036,182772,185509,188800,191534,190326,189464,189367,190048,190523,191000
E06000049,Cheshire East,187480,197923,202414,205415,207944,211113,214275,218068,221230,219835,218839,218727,219513,220063,220613
E07000026,Allerdale,41778,44496,44996,45664,46228,46930,47635,48477,49183,48873,48651,48627,48801,48923,49046
E07000027,Barrow-in-Furness,32296,34698,35284,35809,36248,36800,37349,38013,38563,38320,38146,38127,38264,38360,38456
E07000028,Carlisle,58456,62449,63302,64239,65032,66021,67010,68198,69187,68751,68439,68404,68650,68822,68994
E07000029,Copeland,35679,38325,38796,39372,39855,40462,41070,41797,42404,42137,41946,41924,42075,42180,42286
E07000030,Eden,29669,31380,31657,32127,32522,33018,33511,34106,34600,34382,34226,34209,34332,34417,34504
E07000031,South Lakeland,53627,57032,57656,58513,59234,60134,61034,62118,63016,62619,62335,62303,62527,62684,62840
E08000001,Bolton,118525,125239,126582,128462,130042,132024,134003,136380,138352,137479,136857,136787,137278,137622,137966
E08000002,Bury,75634,79713,80299,81488,82495,83747,85003,86508,87763,87209,86815,86770,87082,87300,87518
E08000003,Manchester,329136,348138,350836,356046,360428,365911,371391,377972,383452,381034,379308,379114,380477,381429,382383
E08000004,Oldham,91840,96691,97431,98875,100095,101618,103137,104966,106488,105816,105337,105283,105662,105926,106191
E08000005,Rochdale,81641,86154,87032,88320,89410,90770,92129,93762,95122,94522,94094,94046,94384,94620,94857
E08000006,Salford,117331,124132,125197,127055,128620,130578,132531,134880,136836,135973,135357,135288,135774,136114,136455
E08000007,Stockport,129756,137338,138789,140849,142583,144755,146923,149524,151691,150734,150052,149975,150514,150891,151268
E08000008,Tameside,81938,86484,87327,88622,89714,91081,92442,94083,95447,94845,94415,94367,94706,94943,95181
E08000009,Trafford,133885,141820,142976,145097,146884,149116,151349,154030,156266,155280,154577,154498,155053,155441,155830
E08000010,Wigan,121326,128316,129739,131667,133288,135314,137342,139775,141805,140911,140273,140201,140705,141057,141410
E07000117,Burnley,38613,39649,39865,40458,40955,41579,42202,42950,43575,43300,43104,43082,43237,43345,43454
E07000118,Chorley,42909,44327,44702,45364,45922,46623,47321,48158,48857,48549,48329,48304,48478,48599,48721
E07000119,Fylde,44166,45349,45661,46338,46908,47622,48336,49193,49905,49590,49366,49340,49518,49642,49766
E07000120,Hyndburn,32100,32971,33180,33673,34089,34606,35123,35746,36266,36037,35874,35856,35985,36075,36165
E07000121,Lancaster,60666,62375,62452,63380,64160,65136,66113,67283,68261,67830,67523,67489,67731,67901,68071
E07000122,Pendle,35656,36525,36790,37337,37799,38375,38946,39635,40210,39956,39775,39755,39898,39998,40098
E07000123,Preston,89775,92764,93550,94939,96108,97569,99029,100786,102247,101602,101142,101090,101454,101708,101962
E07000124,Ribble Valley,30734,31251,31469,31937,32330,32821,33313,33903,34395,34178,34023,34006,34128,34214,34299
E07000125,Rossendale,24994,25581,25741,26124,26446,26847,27250,27732,28135,27958,27831,27817,27917,27987,28057
E07000126,South Ribble,50599,51842,52306,53081,53734,54552,55371,56351,57167,56806,56549,56520,56723,56865,57008
E07000127,West Lancashire,51040,52096,52412,53192,53845,54667,55486,56468,57286,56925,56667,56638,56841,56984,57126
E07000128,Wyre,38910,40015,40265,40864,41365,41994,42625,43379,44006,43728,43530,43508,43665,43774,43883
E08000011,Knowsley,59024,60925,62006,62926,63699,64671,65638,66799,67768,67341,67036,67001,67242,67410,67579
E08000012,Liverpool,243076,252711,255919,259719,262917,266914,270910,275709,279710,277946,276687,276546,277540,278234,278930
E08000013,St. Helens,66904,69086,70006,71048,71922,73018,74111,75424,76516,76033,75689,75650,75922,76112,76303
E08000014,Sefton,105996,110550,112372,114041,115443,117198,118959,121063,122816,122041,121489,121427,121863,122168,122474
E08000015,Wirral,115789,120369,122456,124277,125803,127715,129629,131926,133843,132999,132397,132329,132804,133137,133470
E06000011,East Riding of Yorkshire,137666,145488,147700,149891,151737,154049,156353,159129,161431,160413,159686,159605,160178,160579,160981
E06000010,"Kingston upon Hull, City of",128163,136236,138542,140594,142329,144493,146658,149258,151421,150466,149785,149708,150246,150622,150999
E06000012,North East Lincolnshire,73281,76796,77902,79059,80032,81253,82466,83926,85147,84610,84227,84184,84486,84698,84910
E06000013,North Lincolnshire,79408,83333,84360,85614,86670,87987,89308,90887,92207,91625,91211,91164,91492,91720,91950
E06000014,York,105739,112413,113652,115339,116764,118536,120312,122445,124220,123437,122878,122815,123256,123565,123874
E07000163,Craven,28336,30032,30365,30815,31195,31671,32144,32714,33187,32978,32828,32812,32929,33012,33095
E07000164,Hambleton,49926,52365,53016,53807,54468,55295,56123,57119,57948,57583,57322,57292,57498,57642,57787
E07000165,Harrogate,85252,90335,91448,92802,93945,95375,96806,98519,99947,99317,98867,98816,99171,99420,99668
E07000166,Richmondshire,28767,30206,30565,31018,31400,31878,32356,32928,33406,33195,33045,33028,33147,33230,33313
E07000167,Ryedale,26583,27516,27766,28177,28524,28958,29394,29913,30348,30157,30020,30005,30113,30188,30263
E07000168,Scarborough,47350,50516,51234,51995,52634,53433,54235,55197,55997,55644,55392,55363,55562,55702,55841
E07000169,Selby,36566,38848,39233,39816,40307,40918,41532,42268,42882,42612,42419,42397,42549,42656,42762
E08000016,Barnsley,85752,91875,93382,94767,95935,97395,98852,100602,102060,101416,100957,100905,101268,101522,101776
E08000017,Doncaster,131458,142774,146387,148562,150390,152678,154971,157710,159998,158989,158269,158188,158757,159154,159552
E08000018,Rotherham,110175,119889,122314,124129,125658,127569,129479,131775,133685,132842,132240,132173,132648,132980,133312
E08000019,Sheffield,268709,291519,297476,301896,305615,310262,314910,320487,325135,323084,321621,321457,322612,323420,324229
E08000032,Bradford,219992,233827,236563,240074,243028,246725,250423,254858,258551,256920,255757,255626,256545,257187,257830
E08000033,Calderdale,97681,104551,105769,107340,108663,110315,111967,113951,115607,114878,114358,114299,114710,114997,115285
E08000034,Kirklees,172835,183645,185813,188575,190901,193798,196702,200186,203090,201809,200895,200792,201514,202018,202524
E08000035,Leeds,417479,445371,449212,455883,461490,468516,475531,483961,490975,487878,485669,485421,487165,488384,489607
E08000036,Wakefield,155032,165354,167365,169847,171942,174557,177173,180308,182922,181768,180945,180853,181503,181957,182412
E06000015,Derby,129905,140281,142073,144184,145959,148181,150398,153061,155282,154303,153604,153525,154077,154463,154849
E06000016,Leicester,172124,187112,189237,192049,194414,197370,200326,203877,206832,205528,204597,204492,205227,205741,206256
E06000018,Nottingham,182842,197794,200158,203130,205631,208756,211885,215638,218765,217385,216401,216290,217068,217611,218155
E06000017,Rutland,19168,20192,20728,21035,21295,21619,21943,22331,22656,22513,22411,22400,22480,22536,22593
E07000032,Amber Valley,57524,62028,62755,63687,64470,65451,66431,67608,68587,68154,67846,67811,68055,68225,68396
E07000033,Bolsover,30519,32964,33598,34098,34518,35045,35568,36199,36723,36491,36326,36308,36438,36529,36621
E07000034,Chesterfield,54375,58560,59893,60784,61533,62468,63404,64526,65462,65049,64755,64721,64954,65117,65280
E07000035,Derbyshire Dales,38045,40877,41594,42212,42732,43381,44031,44811,45460,45173,44969,44946,45107,45220,45333
E07000036,Erewash,45010,48622,49201,49930,50548,51314,52084,53006,53776,53437,53195,53168,53359,53492,53626
E07000037,High Peak,37669,40813,41325,41936,42453,43099,43744,44518,45166,44881,44678,44655,44816,44928,45040
E07000038,North East Derbyshire,33002,35584,36301,36842,37296,37863,38430,39111,39677,39427,39248,39228,39369,39468,39566
E07000039,South Derbyshire,35524,38526,38822,39396,39884,40490,41097,41825,42431,42163,41972,41951,42102,42207,42313
E07000129,Blaby,54501,59349,60225,61116,61867,62808,63751,64880,65821,65406,65110,65076,65310,65474,65638
E07000130,Charnwood,70758,76912,77547,78701,79667,80880,82091,83544,84756,84221,83840,83797,84098,84309,84520
E07000131,Harborough,44203,48331,48798,49520,50131,50894,51656,52572,53334,52998,52758,52731,52920,53053,53185
E07000132,Hinckley and Bosworth,44135,48221,48701,49424,50030,50792,51555,52466,53228,52892,52653,52626,52815,52947,53080
E07000133,Melton,23145,25332,25585,25965,26285,26685,27085,27565,27965,27789,27663,27649,27748,27817,27887
E07000134,North West Leicestershire,55927,61307,61881,62799,63572,64538,65505,66666,67633,67206,66902,66868,67108,67276,67445
E07000135,Oadby and Wigston,22058,24017,24281,24642,24945,25325,25705,26160,26538,26371,26251,26238,26332,26398,26464
E07000136,Boston,32853,33711,34048,34553,34978,35513,36044,36682,37213,36978,36811,36792,36924,37017,37109
E07000137,East Lindsey,54459,56495,57114,57965,58678,59569,60463,61534,62426,62032,61751,61720,61942,62097,62252
E07000138,Lincoln,57823,59656,60442,61339,62094,63038,63983,65117,66062,65645,65348,65315,65549,65713,65878
E07000139,North Kesteven,47887,49322,49763,50502,51123,51900,52678,53611,54389,54046,53801,53774,53967,54102,54237
E07000140,South Holland,40735,41684,41949,42574,43096,43752,44407,45195,45850,45561,45354,45331,45494,45608,45722
E07000141,South Kesteven,60133,61947,62647,63576,64360,65339,66318,67493,68471,68039,67731,67696,67940,68110,68280
E07000142,West Lindsey,32589,33439,33683,34181,34603,35130,35656,36287,36814,36582,36416,36398,36528,36620,36711
E07000150,Corby,32381,34603,35322,35846,36289,36840,37390,38053,38605,38362,38188,38168,38305,38401,38497
E07000151,Daventry,40428,43558,44428,45087,45644,46338,47031,47864,48559,48253,48034,48010,48182,48303,48424
E07000152,East Northamptonshire,32637,34673,35075,35596,36034,36582,37130,37788,38336,38094,37922,37902,38039,38134,38229
E07000153,Kettering,44505,47527,48680,49403,50012,50773,51533,52446,53205,52869,52630,52603,52792,52924,53057
E07000154,Northampton,124003,132744,135933,137953,139650,141771,143897,146447,148569,147632,146963,146888,147416,147785,148155
E07000155,South Northamptonshire,35928,38787,39545,40133,40627,41244,41863,42604,43221,42948,42754,42732,42886,42993,43101
E07000156,Wellingborough,35935,38166,38673,39248,39731,40334,40939,41663,42269,42002,41812,41791,41941,42046,42151
E07000170,Ashfield,55958,59999,60878,61783,62543,63496,64445,65589,66541,66121,65822,65788,66025,66190,66356
E07000171,Bassetlaw,54244,58382,59687,60573,61320,62252,63185,64305,65237,64826,64532,64499,64731,64893,65055
E07000172,Broxtowe,40798,44124,44785,45449,46011,46709,47409,48248,48948,48639,48419,48394,48568,48690,48812
E07000173,Gedling,38837,41920,42590,43225,43757,44422,45088,45885,46549,46255,46046,46022,46188,46303,46419
E07000174,Mansfield,43192,46775,47443,48149,48740,49484,50223,51113,51853,51526,51293,51266,51451,51579,51708
E07000175,Newark and Sherwood,53827,58438,59245,60125,60865,61792,62717,63828,64754,64346,64054,64021,64252,64412,64574
E07000176,Rushcliffe,48348,52454,53041,53828,54491,55320,56148,57143,57973,57607,57346,57317,57523,57667,57811
E06000019,"Herefordshire, County of",88876,93719,95501,96922,98112,99607,101099,102888,104383,103725,103255,103202,103573,103832,104092
E06000021,Stoke-on-Trent,116269,122183,124171,126013,127565,129504,131445,133777,135714,134858,134247,134179,134661,134998,135336
E06000020,Telford and Wrekin,84749,90039,91628,92986,94134,95562,96993,98716,100145,99513,99063,99012,99368,99617,99866
E06000051,Shropshire,147693,156706,159721,162096,164093,166587,169084,172077,174569,173468,172682,172594,173214,173648,174082
E07000192,Cannock Chase,39581,42032,42563,43195,43728,44395,45058,45857,46522,46229,46019,45996,46161,46277,46392
E07000193,East Staffordshire,60535,64154,65003,65969,66780,67796,68810,70033,71048,70600,70280,70244,70497,70673,70850
E07000194,Lichfield,45495,48273,48804,49529,50139,50903,51663,52580,53343,53007,52767,52740,52929,53062,53194
E07000195,Newcastle-under-Lyme,50108,52861,53437,54232,54898,55734,56571,57569,58405,58037,57774,57744,57952,58097,58242
E07000196,South Staffordshire,37164,39350,39861,40456,40952,41576,42201,42946,43569,43294,43098,43076,43231,43339,43448
E07000197,Stafford,68433,72462,73464,74554,75473,76620,77769,79146,80293,79787,79425,79385,79670,79869,80069
E07000198,Staffordshire Moorlands,35695,37755,38300,38871,39349,39946,40545,41264,41861,41597,41409,41387,41536,41640,41744
E07000199,Tamworth,30800,32729,33090,33581,33996,34512,35029,35647,36166,35938,35775,35757,35885,35975,36065
E07000218,North Warwickshire,40172,42426,42945,43580,44118,44790,45460,46266,46936,46640,46429,46405,46572,46688,46805
E07000219,Nuneaton and Bedworth,46161,48417,49168,49898,50510,51281,52049,52971,53738,53399,53157,53130,53321,53454,53588
E07000220,Rugby,48189,50795,51382,52145,52786,53590,54392,55357,56158,55804,55551,55523,55722,55862,56001
E07000221,Stratford-on-Avon,64120,68491,69260,70288,71156,72236,73322,74617,75700,75223,74882,74844,75113,75301,75489
E07000222,Warwick,79055,83576,84709,85967,87027,88349,89673,91262,92586,92002,91585,91539,91868,92097,92328
E08000025,Birmingham,497068,526318,531036,538916,545557,553852,562154,572107,580404,576743,574132,573838,575900,577342,578786
E08000026,Coventry,151040,157849,159516,161888,163881,166371,168863,171854,174346,173246,172462,172374,172993,173426,173860
E08000027,Dudley,125963,132560,135544,137555,139251,141365,143484,146023,148143,147209,146542,146467,146994,147361,147730
E08000028,Sandwell,128108,134695,137946,139991,141717,143872,146025,148611,150769,149818,149140,149063,149599,149974,150349
E08000029,Solihull,101694,108361,109535,111163,112531,114241,115953,118009,119721,118966,118427,118367,118792,119089,119387
E08000030,Walsall,107062,112233,114696,116396,117829,119622,121410,123564,125358,124567,124003,123940,124385,124697,125009
E08000031,Wolverhampton,110339,116588,119260,121031,122521,124384,126249,128485,130347,129525,128938,128872,129336,129659,129984
E07000234,Bromsgrove,39799,42502,43013,43652,44189,44860,45531,46340,47012,46715,46504,46480,46647,46764,46881
E07000235,Malvern Hills,31785,33764,34216,34724,35152,35688,36223,36862,37399,37163,36995,36976,37109,37202,37295
E07000236,Redditch,39761,42100,42553,43184,43717,44382,45047,45847,46510,46217,46007,45984,46149,46265,46380
E07000237,Worcester,54313,57717,58597,59468,60199,61115,62033,63129,64045,63641,63353,63320,63548,63707,63867
E07000238,Wychavon,55047,58398,59198,60076,60814,61741,62664,63774,64701,64293,64002,63969,64199,64360,64521
E07000239,Wyre Forest,38168,40684,41194,41807,42324,42965,43609,44381,45027,44743,44540,44518,44678,44789,44902
E06000032,Luton,93224,101181,103940,105485,106784,108407,110031,111982,113601,112885,112373,112316,112720,113002,113284
E06000031,Peterborough,104806,113053,116804,118539,120001,121825,123650,125842,127665,126860,126285,126221,126674,126991,127309
E06000033,Southend-on-Sea,75324,80525,82825,84054,85090,86384,87679,89231,90522,89951,89544,89498,89820,90044,90270
E06000034,Thurrock,66889,71625,73466,74555,75475,76624,77773,79149,80297,79791,79429,79389,79674,79873,80073
E06000055,Bedford,77525,84225,86699,87985,89069,90425,91778,93404,94761,94163,93737,93689,94026,94261,94497
E06000056,Central Bedfordshire,101961,111069,114191,115887,117314,119098,120883,123025,124809,124022,123460,123397,123841,124150,124461
E07000008,Cambridge,97445,103611,106217,107793,109122,110780,112443,114434,116092,115360,114837,114779,115191,115479,115768
E07000009,East Cambridgeshire,32355,35058,36092,36626,37077,37642,38205,38881,39447,39198,39021,39001,39141,39239,39337
E07000010,Fenland,39533,42801,44201,44859,45410,46101,46792,47621,48309,48004,47787,47762,47934,48054,48174
E07000011,Huntingdonshire,80163,86291,89489,90818,91937,93333,94734,96410,97809,97192,96752,96702,97050,97293,97536
E07000012,South Cambridgeshire,76787,82809,85591,86863,87931,89270,90605,92210,93546,92956,92535,92488,92820,93052,93285
E07000066,Basildon,85991,91735,94254,95653,96831,98303,99775,101543,103015,102365,101902,101850,102216,102471,102728
E07000067,Braintree,59984,64053,65743,66720,67540,68566,69594,70828,71856,71403,71079,71043,71298,71477,71656
E07000068,Brentwood,35576,37997,39128,39708,40197,40809,41419,42154,42764,42494,42302,42280,42432,42538,42645
E07000069,Castle Point,26447,28281,29056,29489,29852,30306,30760,31303,31758,31558,31415,31399,31512,31590,31669
E07000070,Chelmsford,85858,91618,94108,95506,96682,98153,99621,101385,102859,102210,101747,101695,102061,102316,102572
E07000071,Colchester,87439,93491,96069,97495,98697,100199,101700,103502,105003,104341,103868,103815,104188,104449,104710
E07000072,Epping Forest,49600,53045,54488,55297,55978,56830,57679,58704,59554,59178,58910,58880,59092,59240,59388
E07000073,Harlow,41402,44164,45356,46030,46597,47304,48013,48863,49573,49260,49037,49012,49188,49311,49435
E07000074,Maldon,23967,25641,26305,26695,27025,27435,27846,28340,28750,28569,28439,28425,28527,28598,28670
E07000075,Rochford,27822,29679,30464,30915,31297,31772,32249,32820,33296,33086,32936,32919,33038,33120,33203
E07000076,Tendring,46224,49524,50916,51672,52309,53104,53902,54856,55651,55300,55050,55021,55219,55357,55496
E07000077,Uttlesford,41941,44843,46164,46848,47426,48147,48867,49733,50454,50136,49909,49883,50063,50188,50313
E07000095,Broxbourne,40518,43696,44690,45355,45914,46611,47309,48148,48848,48540,48320,48295,48469,48590,48712
E07000096,Dacorum,68624,73626,75380,76502,77441,78619,79796,81214,82389,81869,81499,81457,81750,81954,82159
E07000242,East Hertfordshire,60729,65044,66708,67698,68533,69575,70616,71869,72910,72450,72122,72085,72344,72525,72707
E07000098,Hertsmere,48113,51366,52634,53417,54074,54897,55718,56704,57529,57166,56907,56878,57083,57225,57369
E07000099,North Hertfordshire,54542,58657,60530,61426,62184,63128,64075,65209,66154,65737,65439,65406,65641,65805,65970
E07000240,St Albans,64337,69081,70938,71993,72880,73990,75097,76427,77537,77048,76699,76660,76935,77128,77321
E07000243,Stevenage,46758,50348,51694,52458,53106,53917,54723,55692,56500,56144,55889,55861,56062,56202,56343
E07000102,Three Rivers,36658,39136,40105,40700,41202,41829,42455,43207,43833,43557,43359,43337,43493,43602,43711
E07000103,Watford,54907,59397,61224,62131,62897,63854,64810,65958,66916,66494,66193,66159,66397,66563,66730
E07000241,Welwyn Hatfield,70872,76083,77856,79012,79987,81203,82419,83880,85095,84558,84175,84132,84435,84646,84858
E07000143,Breckland,52596,56135,57702,58559,59280,60182,61083,62165,63065,62667,62383,62352,62576,62732,62889
E07000144,Broadland,49010,52286,53869,54670,55345,56185,57029,58033,58878,58507,58242,58212,58421,58567,58714
E07000145,Great Yarmouth,41515,44089,45553,46230,46800,47510,48223,49077,49789,49475,49251,49226,49403,49526,49650
E07000146,King's Lynn and West Norfolk,65899,70522,72761,73841,74750,75887,77026,78390,79525,79023,78666,78625,78908,79105,79303
E07000147,North Norfolk,41347,43921,45229,45901,46465,47173,47879,48725,49435,49123,48901,48876,49051,49174,49297
E07000148,Norwich,93431,99385,102228,103747,105023,106621,108220,110137,111734,111029,110526,110470,110867,111144,111423
E07000149,South Norfolk,56478,60212,62110,63031,63805,64774,65747,66912,67880,67452,67146,67112,67353,67522,67691
E07000200,Babergh,37288,39717,40905,41513,42023,42662,43301,44069,44707,44425,44224,44201,44360,44471,44582
E07000201,Forest Heath,33961,36138,37313,37867,38333,38917,39498,40200,40783,40526,40342,40322,40467,40568,40669
E07000202,Ipswich,74361,79269,81767,82979,84002,85279,86559,88091,89367,88803,88401,88356,88674,88895,89118
E07000203,Mid Suffolk,43397,46382,47739,48446,49044,49790,50538,51431,52177,51848,51613,51587,51772,51902,52032
E07000204,St Edmundsbury,61182,65508,67829,68838,69686,70745,71804,73078,74136,73668,73335,73297,73561,73745,73929
E07000205,Suffolk Coastal,56392,59854,61577,62492,63264,64225,65187,66340,67302,66878,66575,66541,66780,66947,67114
E07000206,Waveney,46789,49834,51457,52220,52862,53670,54471,55437,56241,55886,55633,55605,55805,55944,56084
E09000007,Camden,290840,311719,321436,326208,330226,335248,340272,346299,351322,349106,347525,347347,348596,349468,350343
E09000001,City of London,376533,402818,413798,419941,425113,431579,438044,445803,452269,449417,447381,447152,448760,449883,451009
E09000012,Hackney,111162,119547,123294,125121,126668,128591,130517,132829,134754,133904,133298,133230,133708,134043,134378
E09000013,Hammersmith and Fulham,132597,143121,147592,149786,151634,153937,156242,159011,161314,160297,159571,159489,160062,160463,160864
E09000014,Haringey,86770,94021,96856,98293,99504,101016,102530,104342,105860,105192,104716,104662,105039,105301,105565
E09000019,Islington,178498,191409,197014,199941,202401,205479,208560,212252,215330,213972,213003,212894,213659,214194,214730
E09000020,Kensington and Chelsea,124637,134428,139221,141288,143027,145202,147378,149988,152164,151204,150520,150443,150983,151361,151740
E09000022,Lambeth,147499,158810,164166,166607,168656,171221,173786,176868,179434,178302,177495,177404,178042,178487,178934
E09000023,Lewisham,84884,91616,94183,95577,96757,98227,99702,101466,102933,102284,101821,101769,102134,102390,102646
E09000025,Newham,111563,121043,124509,126356,127911,129859,131806,134140,136084,135226,134613,134544,135028,135366,135705
E09000028,Southwark,196432,210858,217132,220355,223072,226462,229858,233928,237321,235824,234756,234636,235480,236069,236660
E09000030,Tower Hamlets,249546,267761,275297,279376,282819,287120,291422,296583,300889,298991,297637,297485,298554,299301,300050
E09000032,Wandsworth,126313,136483,140798,142886,144645,146841,149048,151684,153888,152917,152225,152147,152694,153076,153459
E09000033,Westminster,617684,661697,683535,693683,702227,712905,723586,736403,747081,742369,739007,738629,741284,743139,744999
E09000002,Barking and Dagenham,62815,68614,70968,72021,72907,74016,75125,76456,77565,77076,76727,76687,76963,77156,77349
E09000003,Barnet,138197,149287,154131,156418,158347,160751,163161,166048,168460,167398,166639,166554,167153,167571,167991
E09000004,Bexley,80338,87385,90344,91688,92814,94227,95640,97333,98745,98122,97678,97628,97979,98224,98470
E09000005,Brent,123757,134619,139134,141198,142939,145113,147285,149895,152065,151106,150422,150345,150885,151263,151641
E09000006,Bromley,119519,129189,133466,135445,137114,139199,141285,143787,145872,144952,144296,144222,144740,145102,145465
E09000008,Croydon,129606,140238,144115,146256,148059,150311,152560,155267,157514,156521,155812,155732,156292,156683,157075
E09000009,Ealing,142275,154826,159656,162027,164021,166517,169008,172004,174498,173397,172612,172524,173144,173577,174012
E09000010,Enfield,113416,123012,127142,129026,130619,132607,134591,136978,138962,138086,137460,137390,137884,138229,138575
E09000011,Greenwich,92367,99602,103014,104541,105833,107437,109051,110983,112590,111880,111373,111316,111716,111996,112276
E09000015,Harrow,78969,85162,88047,89352,90452,91829,93207,94858,96230,95623,95190,95141,95483,95722,95962
E09000016,Havering,90971,99045,102359,103879,105159,106761,108358,110281,111876,111170,110667,110610,111008,111286,111564
E09000017,Hillingdon,176780,192473,199484,202446,204939,208056,211173,214915,218035,216660,215679,215568,216343,216885,217427
E09000018,Hounslow,138012,149860,154616,156914,158846,161261,163677,166579,168990,167924,167164,167078,167679,168098,168519
E09000021,Kingston upon Thames,77524,83679,86270,87548,88626,89975,91322,92943,94290,93695,93271,93223,93558,93793,94027
E09000024,Merton,80652,87558,90306,91645,92777,94187,95596,97293,98700,98077,97633,97583,97934,98179,98425
E09000026,Redbridge,84670,91543,94388,95790,96968,98448,99921,101688,103161,102510,102046,101994,102361,102617,102873
E09000027,Richmond upon Thames,84004,90205,93055,94442,95600,97059,98511,100255,101710,101069,100611,100559,100921,101173,101427
E09000029,Sutton,77478,83764,86558,87841,88925,90277,91630,93250,94601,94004,93579,93531,93867,94102,94337
E09000031,Waltham Forest,84819,92110,94937,96349,97537,99021,100501,102283,103764,103110,102643,102590,102959,103217,103475
E06000036,Bracknell Forest,64093,70725,72761,73841,74751,75888,77025,78390,79527,79025,78668,78627,78910,79107,79305
E06000043,Brighton and Hove,145400,159886,162792,165208,167242,169785,172329,175382,177926,176804,176003,175913,176545,176987,177430
E06000046,Isle of Wight,61213,66669,68625,69641,70498,71573,72644,73933,75006,74533,74195,74157,74424,74610,74797
E06000035,Medway,106998,114548,117683,119430,120903,122741,124580,126787,128623,127812,127233,127168,127625,127944,128265
E06000042,Milton Keynes,155252,169668,174518,177111,179293,182019,184748,188019,190747,189544,188686,188589,189267,189741,190215
E06000044,Portsmouth,118475,128532,131979,133939,135590,137652,139715,142185,144255,143345,142696,142623,143136,143494,143853
E06000038,Reading,95821,105764,108953,110569,111929,113633,115335,117377,119082,118331,117795,117735,118158,118454,118750
E06000039,Slough,80228,88201,90604,91949,93079,94498,95913,97613,99027,98402,97957,97907,98259,98505,98751
E06000045,Southampton,122475,133042,136425,138450,140154,142286,144421,146977,149108,148168,147497,147421,147951,148321,148692
E06000037,West Berkshire,93928,103777,106852,108439,109772,111438,113110,115116,116784,116047,115522,115463,115878,116168,116459
E06000040,Windsor and Maidenhead,82147,90560,93306,94693,95863,97317,98776,100525,101983,101340,100881,100829,101192,101445,101699
E06000041,Wokingham,74601,82142,84462,85716,86770,88089,89411,90993,92314,91732,91316,91270,91598,91827,92057
E07000004,Aylesbury Vale,81462,88788,91329,92684,93827,95254,96677,98396,99819,99189,98740,98690,99044,99292,99541
E07000005,Chiltern,38305,41280,42235,42862,43390,44048,44708,45501,46162,45871,45663,45640,45804,45918,46033
E07000006,South Bucks,35830,38783,39854,40447,40944,41565,42189,42935,43559,43284,43088,43066,43221,43329,43438
E07000007,Wycombe,87720,94828,97120,98561,99775,101295,102811,104630,106150,105481,105003,104949,105326,105590,105854
E07000061,Eastbourne,47477,50790,52346,53124,53781,54596,55414,56400,57214,56853,56596,56567,56770,56912,57055
E07000062,Hastings,39848,42601,43917,44570,45118,45805,46490,47313,48000,47697,47481,47457,47628,47747,47866
E07000063,Lewes,43350,46803,47890,48600,49197,49946,50696,51593,52341,52011,51775,51749,51935,52065,52195
E07000064,Rother,34711,37186,38261,38829,39308,39906,40504,41222,41818,41554,41366,41345,41494,41597,41701
E07000065,Wealden,60320,64762,66607,67596,68426,69469,70506,71757,72797,72338,72010,71973,72232,72413,72594
E07000084,Basingstoke and Deane,91588,98538,100954,102453,103716,105294,106869,108765,110340,109644,109148,109092,109484,109758,110032
E07000085,East Hampshire,52102,56668,58051,58909,59636,60544,61450,62539,63449,63049,62763,62731,62957,63114,63272
E07000086,Eastleigh,69249,75105,77010,78154,79117,80319,81523,82964,84169,83638,83259,83217,83516,83725,83934
E07000087,Fareham,55263,60051,61514,62426,63195,64156,65119,66271,67233,66809,66506,66472,66711,66878,67046
E07000088,Gosport,28817,31170,31908,32382,32778,33279,33777,34374,34873,34653,34496,34478,34602,34689,34776
E07000089,Hart,43264,47413,48612,49331,49938,50698,51457,52369,53131,52796,52557,52530,52719,52851,52983
E07000090,Havant,50428,54752,56112,56945,57648,58524,59401,60452,61329,60942,60666,60635,60853,61005,61158
E07000091,New Forest,81821,89019,91404,92760,93904,95332,96762,98474,99901,99271,98821,98771,99126,99374,99623
E07000092,Rushmoor,53433,58101,59358,60242,60983,61909,62837,63950,64877,64468,64176,64143,64374,64535,64696
E07000093,Test Valley,62251,67672,69333,70364,71229,72313,73395,74695,75780,75302,74961,74923,75192,75380,75569
E07000094,Winchester,81633,88869,91118,92469,93609,95032,96456,98165,99588,98960,98512,98461,98815,99063,99310
E07000105,Ashford,59113,63377,65152,66119,66933,67951,68969,70194,71211,70762,70441,70405,70658,70835,71013
E07000106,Canterbury,72178,77362,79415,80596,81591,82831,84072,85561,86800,86253,85862,85818,86126,86342,86558
E07000107,Dartford,59533,63865,65725,66701,67521,68549,69576,70808,71837,71384,71061,71024,71280,71458,71637
E07000108,Dover,46865,50256,51661,52425,53075,53883,54689,55656,56465,56109,55855,55826,56027,56167,56308
E07000109,Gravesham,34605,37020,37992,38554,39033,39624,40218,40930,41524,41262,41075,41054,41202,41305,41408
E07000110,Maidstone,82984,88850,91300,92656,93796,95222,96650,98362,99789,99160,98711,98660,99015,99262,99511
E07000111,Sevenoaks,50134,53638,55128,55946,56637,57499,58360,59391,60255,59875,59604,59573,59787,59937,60087
E07000112,Shepway,47899,51337,52787,53571,54231,55055,55880,56869,57695,57331,57071,57042,57247,57391,57534
E07000113,Swale,56781,60826,62444,63369,64150,65125,66102,67271,68247,67817,67509,67475,67717,67887,68057
E07000114,Thanet,51468,55193,56729,57572,58278,59165,60054,61116,62001,61610,61331,61300,61520,61674,61828
E07000115,Tonbridge and Malling,64928,69342,71185,72242,73132,74241,75357,76692,77803,77312,76962,76923,77199,77392,77586
E07000116,Tunbridge Wells,59410,63774,65502,66474,67294,68318,69341,70570,71594,71142,70820,70784,71038,71216,71394
E07000177,Cherwell,77623,84408,86753,88039,89123,90479,91833,93462,94815,94217,93790,93742,94079,94315,94551
E07000178,Oxford,107490,114597,116533,118264,119721,121542,123360,125546,127367,126564,125991,125926,126379,126695,127012
E07000179,South Oxfordshire,66922,71778,73448,74538,75456,76605,77753,79128,80275,79769,79407,79367,79652,79851,80051
E07000180,Vale of White Horse,67207,71849,73241,74328,75242,76387,77532,78905,80049,79544,79184,79143,79428,79627,79826
E07000181,West Oxfordshire,52101,55778,57032,57879,58592,59482,60371,61443,62333,61940,61659,61628,61849,62004,62159
E07000207,Elmbridge,60823,66168,67836,68842,69691,70749,71811,73082,74140,73672,73339,73301,73565,73749,73933
E07000208,Epsom and Ewell,32711,35797,36365,36904,37359,37928,38494,39177,39747,39496,39317,39297,39439,39537,39636
E07000209,Guildford,83730,90950,93048,94428,95593,97045,98500,100245,101696,101055,100597,100545,100907,101159,101413
E07000210,Mole Valley,49947,54575,55369,56193,56884,57750,58616,59653,60519,60137,59865,59834,60049,60200,60350
E07000211,Reigate and Banstead,73065,79988,81268,82475,83491,84757,86027,87551,88821,88261,87861,87816,88132,88352,88573
E07000212,Runnymede,54032,58623,60074,60964,61717,62653,63592,64718,65658,65244,64948,64915,65149,65312,65475
E07000213,Spelthorne,44422,48372,49564,50301,50921,51695,52471,53397,54173,53831,53588,53560,53753,53887,54022
E07000214,Surrey Heath,47466,51723,53081,53870,54532,55363,56192,57185,58016,57650,57389,57360,57566,57710,57854
E07000215,Tandridge,36012,39539,40169,40766,41270,41895,42524,43277,43906,43629,43432,43409,43565,43674,43784
E07000216,Waverley,56388,61483,62908,63841,64628,65612,66591,67775,68757,68323,68014,67979,68223,68394,68565
E07000217,Woking,47682,51738,53038,53824,54488,55316,56143,57140,57968,57602,57342,57312,57518,57662,57806
E07000223,Adur,23973,26398,26776,27175,27509,27927,28344,28846,29267,29082,28951,28936,29040,29113,29185
E07000224,Arun,53070,58760,59773,60661,61408,62339,63275,64395,65327,64915,64621,64588,64820,64982,65145
E07000225,Chichester,66234,73110,74314,75418,76346,77507,78670,80062,81223,80711,80345,80304,80593,80794,80997
E07000226,Crawley,85878,94519,95864,97287,98485,99983,101481,103278,104777,104116,103645,103592,103964,104224,104485
E07000227,Horsham,60709,66784,67724,68728,69574,70633,71690,72960,74019,73552,73219,73182,73445,73628,73813
E07000228,Mid Sussex,65618,72114,73248,74333,75248,76393,77539,78910,80051,79546,79186,79145,79430,79629,79828
E07000229,Worthing,53483,58857,59860,60748,61496,62431,63366,64488,65424,65011,64717,64684,64916,65079,65242
E06000022,Bath and North East Somerset,94604,102919,104926,106482,107795,109435,111073,113040,114683,113960,113444,113386,113793,114078,114363
E06000028,Bournemouth,85370,91915,93775,95168,96340,97806,99268,101030,102495,101849,101387,101335,101700,101954,102209
E06000023,"Bristol, City of",248845,267148,272469,276515,279919,284175,288431,293541,297800,295922,294582,294431,295489,296229,296970
E06000024,North Somerset,87560,95003,97233,98674,99892,101412,102932,104754,106273,105603,105124,105071,105448,105712,105977
E06000026,Plymouth,127995,135694,138495,140551,142282,144446,146611,149210,151371,150416,149735,149659,150196,150572,150949
E06000029,Poole,82946,88026,89938,91272,92396,93803,95206,96892,98298,97678,97236,97186,97535,97779,98024
E06000025,South Gloucestershire,149766,160314,163297,165717,167758,170312,172864,175925,178476,177350,176547,176457,177091,177534,177979
E06000030,Swindon,114649,120493,122974,124799,126339,128259,130182,132487,134410,133562,132957,132889,133367,133701,134035
E06000027,Torbay,55060,59124,60566,61466,62222,63167,64115,65250,66198,65780,65483,65449,65684,65849,66014
E06000052,Cornwall,247849,271823,276969,281080,284541,288865,293200,298396,302717,300808,299446,299292,300368,301120,301873
E06000053,Isles of Scilly,1355,1498,1523,1546,1565,1588,1612,1641,1665,1654,1647,1646,1652,1656,1660
E06000054,Wiltshire,234308,252279,256963,260783,263993,268010,272025,276840,280860,279089,277825,277683,278681,279378,280077
E07000040,East Devon,56773,61373,62550,63479,64261,65237,66215,67389,68367,67936,67628,67594,67837,68006,68176
E07000041,Exeter,87905,93240,94929,96339,97524,99008,100492,102272,103753,103099,102632,102579,102948,103206,103464
E07000042,Mid Devon,31867,35201,35668,36198,36644,37200,37758,38427,38985,38739,38564,38544,38683,38779,38876
E07000043,North Devon,50105,54396,55415,56235,56929,57795,58662,59702,60567,60185,59912,59882,60097,60247,60398
E07000044,South Hams,45647,49133,49980,50722,51346,52128,52910,53845,54628,54283,54038,54010,54204,54340,54476
E07000045,Teignbridge,52567,56103,57221,58066,58782,59674,60566,61640,62536,62142,61860,61829,62051,62206,62362
E07000046,Torridge,25817,28977,29345,29782,30146,30606,31063,31614,32073,31871,31726,31710,31824,31904,31984
E07000047,West Devon,22672,25024,25370,25748,26064,26461,26857,27334,27731,27556,27431,27417,27516,27585,27654
E07000048,Christchurch,21787,23090,23589,23939,24233,24602,24972,25413,25781,25618,25502,25489,25581,25645,25709
E07000049,East Dorset,35675,38299,39110,39693,40179,40792,41404,42137,42749,42479,42287,42265,42417,42523,42630
E07000050,North Dorset,31880,35021,35496,36026,36467,37024,37577,38244,38798,38553,38379,38359,38497,38593,38690
E07000051,Purbeck,21259,22715,23084,23427,23716,24077,24438,24869,25231,25072,24958,24946,25035,25098,25161
E07000052,West Dorset,54752,60566,61667,62582,63351,64317,65278,66437,67399,66974,66671,66637,66876,67043,67211
E07000053,Weymouth and Portland,22417,24189,24625,24989,25298,25682,26068,26530,26913,26743,26622,26609,26704,26771,26838
E07000078,Cheltenham,67017,73822,75652,76778,77720,78901,80085,81503,82687,82165,81793,81752,82045,82251,82457
E07000079,Cotswold,45712,50939,52060,52834,53485,54298,55111,56087,56900,56541,56285,56256,56458,56600,56741
E07000080,Forest of Dean,32001,35592,36727,37272,37731,38305,38880,39567,40139,39886,39705,39685,39828,39927,40027
E07000081,Gloucester,66923,73852,76583,77721,78677,79873,81071,82507,83703,83175,82798,82756,83054,83261,83470
E07000082,Stroud,52667,57693,59937,60828,61575,62513,63450,64573,65507,65094,64799,64766,64999,65161,65324
E07000083,Tewkesbury,48893,53039,54860,55673,56359,57217,58075,59100,59960,59582,59312,59282,59495,59644,59793
E07000187,Mendip,51872,55753,56680,57523,58232,59116,60000,61063,61949,61558,61280,61248,61468,61622,61776
E07000188,Sedgemoor,48992,52296,53321,54113,54778,55611,56444,57445,58278,57910,57648,57619,57826,57971,58116
E07000189,South Somerset,82019,87349,89060,90380,91494,92889,94275,95947,97339,96725,96287,96238,96584,96825,97068
E07000190,Taunton Deane,62859,67702,69137,70161,71026,72106,73184,74483,75563,75086,74746,74708,74977,75164,75352
E07000191,West Somerset,15664,16960,17243,17500,17715,17984,18255,18578,18847,18728,18643,18634,18701,18748,18794
W06000001,Isle of Anglesey,24851,25887,26156,26544,26872,27282,27690,28179,28589,28409,28280,28266,28367,28438,28509
W06000019,Blaenau Gwent,22464,23971,24383,24745,25049,25430,25811,26270,26649,26481,26361,26348,26442,26508,26575
W06000013,Bridgend,61408,65137,66134,67117,67941,68975,70007,71248,72283,71827,71502,71465,71722,71902,72082
W06000018,Caerphilly,59659,63575,64554,65513,66318,67329,68337,69548,70555,70110,69793,69757,70008,70183,70358
W06000015,Cardiff,202945,213371,216172,219384,222090,225463,228840,232890,236273,234783,233720,233600,234440,235026,235615
W06000010,Carmarthenshire,75136,77054,78170,79332,80310,81528,82753,84218,85439,84900,84516,84472,84776,84988,85201
W06000008,Ceredigion,33039,33095,33410,33903,34321,34843,35366,35989,36512,36282,36117,36099,36229,36319,36410
W06000003,Conwy,45963,48349,49004,49732,50342,51109,51874,52794,53558,53220,52979,52952,53142,53275,53409
W06000004,Denbighshire,42029,44067,44739,45402,45964,46660,47361,48197,48896,48588,48368,48343,48517,48638,48760
W06000005,Flintshire,73380,77267,78033,79192,80169,81388,82608,84071,85289,84751,84367,84324,84627,84839,85051
W06000002,Gwynedd,58743,61588,62280,63204,63985,64959,65929,67097,68071,67642,67335,67301,67543,67712,67881
W06000024,Merthyr Tydfil,25209,26755,27210,27614,27954,28378,28805,29315,29739,29551,29418,29403,29508,29582,29656
W06000021,Monmouthshire,38766,41046,41779,42399,42923,43572,44228,45010,45664,45376,45171,45147,45310,45423,45537
W06000012,Neath Port Talbot,52315,54475,55390,56212,56903,57768,58632,59670,60537,60155,59883,59852,60067,60218,60368
W06000022,Newport,74534,78924,80291,81482,82486,83742,84992,86500,87756,87203,86808,86763,87075,87293,87511
W06000009,Pembrokeshire,53841,55411,56347,57184,57888,58771,59650,60709,61589,61201,60923,60892,61111,61264,61417
W06000023,Powys,61143,61408,61951,62874,63648,64614,65582,66746,67712,67285,66980,66946,67187,67355,67523
W06000016,Rhondda Cynon Taf,83398,88978,90341,91682,92810,94222,95637,97326,98742,98119,97675,97625,97976,98221,98467
W06000011,Swansea,112391,116315,118219,119975,121450,123297,125144,127361,129211,128396,127815,127749,128208,128529,128851
W06000020,Torfaen,39600,42163,42905,43544,44077,44748,45419,46224,46892,46596,46385,46362,46528,46645,46761
W06000014,The Vale of Glamorgan,46596,49618,50540,51291,51922,52713,53503,54450,55242,54894,54645,54617,54813,54951,55088
W06000006,Wrexham,61919,64804,65710,66687,67507,68534,69561,70793,71820,71367,71044,71007,71263,71441,71620
S12000033,Aberdeen City,163870,172698,177396,180031,182249,185022,187789,191117,193891,192668,191796,191697,192387,192868,193351
S12000034,Aberdeenshire,101459,106727,109130,110750,112116,113819,115524,117572,119275,118523,117986,117926,118350,118646,118943
S12000041,Angus,43799,46480,47055,47751,48342,49077,49813,50693,51430,51106,50874,50848,51031,51159,51287
S12000035,Argyll and Bute,44554,46400,47329,48031,48622,49360,50101,50989,51728,51402,51169,51143,51327,51455,51584
S12000005,Clackmannanshire,17053,18487,18940,19221,19459,19754,20050,20405,20701,20570,20477,20467,20540,20592,20643
S12000006,Dumfries and Galloway,70298,70578,72398,73474,74379,75509,76640,78000,79128,78629,78273,78233,78514,78710,78907
S12000042,Dundee City,79628,83473,84377,85627,86682,88002,89319,90902,92221,91639,91224,91178,91505,91734,91964
S12000008,East Ayrshire,47703,48483,49413,50145,50765,51536,52307,53233,54006,53665,53422,53395,53587,53721,53855
S12000045,East Dunbartonshire,30479,31944,32353,32833,33238,33742,34246,34854,35361,35138,34979,34961,35087,35174,35262
S12000010,East Lothian,35186,37836,38498,39072,39550,40154,40754,41477,42078,41813,41623,41602,41752,41856,41961
S12000011,East Renfrewshire,22694,23728,24019,24377,24677,25053,25426,25877,26252,26086,25968,25955,26048,26113,26179
S12000036,City of Edinburgh,313733,337736,342898,347989,352274,357638,362992,369420,374781,372417,370731,370541,371873,372804,373736
S12000013,Comhairle Nan Eilean Siar,13178,13715,14023,14231,14406,14624,14844,15107,15327,15230,15161,15154,15208,15246,15284
S12000014,Falkirk,65465,71163,73889,74985,75908,77067,78221,79603,80760,80251,79887,79846,80133,80334,80535
S12000015,Fife,151734,162769,165756,168215,170286,172876,175467,178575,181164,180021,179206,179114,179758,180208,180659
S12000046,Glasgow City,386690,405042,411690,417800,422947,429378,435814,443529,449965,447127,445102,444874,446474,447591,448711
S12000017,Highland,116661,121818,124655,126505,128062,130012,131960,134296,136243,135384,134771,134702,135186,135524,135863
S12000018,Inverclyde,32827,34427,35117,35639,36077,36626,37174,37832,38381,38139,37966,37947,38083,38178,38274
S12000019,Midlothian,31915,34106,34606,35120,35554,36094,36634,37282,37824,37585,37415,37396,37531,37624,37719
S12000020,Moray,43251,45054,46273,46960,47539,48262,48984,49852,50574,50255,50027,50002,50182,50307,50433
S12000021,North Ayrshire,48852,49635,50440,51190,51821,52608,53396,54343,55130,54782,54534,54506,54702,54839,54976
S12000044,North Lanarkshire,139275,146008,149515,151735,153603,155938,158277,161077,163416,162385,161650,161567,162148,162554,162961
S12000023,Orkney Islands,11511,11891,12179,12361,12513,12703,12893,13122,13312,13228,13168,13161,13209,13242,13275
S12000024,Perth and Kinross,71140,75273,76128,77257,78209,79400,80587,82017,83205,82680,82306,82264,82559,82766,82973
S12000038,Renfrewshire,84094,88227,90133,91468,92595,94004,95412,97100,98509,97888,97444,97395,97745,97989,98234
S12000026,Scottish Borders,50166,50302,51570,52335,52983,53788,54595,55562,56368,56012,55759,55730,55931,56071,56211
S12000027,Shetland Islands,13551,14070,14405,14619,14799,15024,15249,15519,15744,15645,15574,15566,15622,15661,15700
S12000028,South Ayrshire,52718,53661,54561,55372,56056,56906,57760,58781,59636,59260,58992,58961,59173,59321,59470
S12000029,South Lanarkshire,129687,136290,139733,141806,143552,145738,147920,150540,152721,151758,151071,150993,151536,151915,152295
S12000030,Stirling,50577,54876,55830,56659,57358,58229,59102,60147,61021,60636,60362,60331,60548,60699,60851
S12000039,West Dunbartonshire,34601,36448,37212,37765,38229,38811,39392,40089,40671,40414,40231,40211,40355,40456,40558
S12000040,West Lothian,81697,87747,89422,90749,91869,93265,94662,96338,97735,97119,96679,96629,96977,97219,97463
